delhi/mithali-arjun	19.jpg	1RGsfQxlUI3ciakFCGHJhhBvr6gA-u6_g
delhi/mithali-arjun	18.jpg	1ZbBeKkW8FZclZJFllM_RzgeS-w3ZQGn_
delhi/mithali-arjun	17.jpg	1Ynah2PN0HLVfH9XUKjxBbkAGcYULZiO4
delhi/mithali-arjun	16.jpg	1PkWeub9xjkCE0SNDR7BNiaYvVC3fsLe0
delhi/mithali-arjun	15.jpg	1c6NIoQ1FsByg98UNzcHJ7H9KjQ7Kxs8r
delhi/mithali-arjun	14.jpg	14ADH_1EZWph21vF-MXKZx3y3uqOxZ389
delhi/mithali-arjun	13.jpg	1rEVJU7edC-dwULVnWRjtWsvbua-992lH
delhi/mithali-arjun	12.jpg	1ZmfYmpEUsuBaIfatwSH1hGEDESW9UO4Y
delhi/mithali-arjun	11.jpg	1rOZV5mPv21hNPXYERk-wRyyVDDzcZ9QA
delhi/mithali-arjun	10.jpg	1gMop7Yj8wsVgw6Ark015tkpw0loLPEeC
delhi/mithali-arjun	09.jpg	1jXtBXcqZOizlUk5WI0wx_mjmHCbUTsvB
delhi/mithali-arjun	08.jpg	1qbZVoLz4UgaWQtHLl78daQCs1wki49pi
delhi/mithali-arjun	07.jpg	1W4ROdweSq1s9TPwY5NSEDBTrdcEoAjYZ
delhi/mithali-arjun	06.jpg	1-ixhMQAyVUlKeGx-bc0u32t-wxG1KM22
delhi/mithali-arjun	05.jpg	1nXgRNV8A1EJRlUDbvMGaCWSlcIZIY6FQ
delhi/mithali-arjun	04.jpg	1JhwzP5vCtv9FPIrn_jNQeQm7VzKPXTiM
delhi/mithali-arjun	03.jpg	11Nd_18PH4326MMM0QQddhJs-Jpd9IKrf
delhi/mithali-arjun	02.jpg	1UjWV120Rr-rU0ydNPX5JL9EyyDZSsPUn
delhi/mithali-arjun	01.jpg	1YssyfOaSDImEln7O9mUeE5dI_NDBm0qs
delhi/mithali-arjun	cover.jpg	18-0WKjx91cTILGa77c96TANOBzLmnTZm
delhi/bindya-shiven	15.jpg	1LkshtfpbBHmjdicFMdiSEivzWcLvriaE
delhi/bindya-shiven	13.jpg	1GHhioIy-SPr6ZLMF1IQ-ONY_46Kjtt7p
delhi/bindya-shiven	14.jpg	1dlZhdV09HAY2sURJHh5VFwdadkwVp8zM
delhi/bindya-shiven	12.jpg	1j878iU6gzAuM3SiDQUSGLZ0WgMq0laxC
delhi/bindya-shiven	11.jpg	14x3GTobaU7AtZEod6yDwYkloGRttWOn2
delhi/bindya-shiven	10.jpg	1W1U4l_0Alb14EP2M4VwQsnMQZndbeeF9
delhi/bindya-shiven	09.jpg	1IVdacADS0uRs7s5JNlY-i40xYhVzU7bA
delhi/bindya-shiven	08.jpg	1rQAOdNFi6xaf460bbkNe2rOqia1Fzyzn
delhi/bindya-shiven	07.jpg	12D38OXJCNNiOBAjIZXmmuyjCKe38aMQj
delhi/bindya-shiven	06.jpg	17R0Gv9uhhUxyejuIypg-7yaDoDzG-m-R
delhi/bindya-shiven	05.jpg	1opR2pspf8wpEG5MM7Fzn5zvrq8PX8Fk0
delhi/bindya-shiven	04.jpg	1XzSTogIglasTRtW-F9pHwpWrxydi4PVo
delhi/bindya-shiven	03.jpg	1GZvJjWCBYGcq-vHD9c0Bsn7KsT04GUiG
delhi/bindya-shiven	02.jpg	1FFFI7FPSMxaC6aQoKxwhQK27x_kYQsDF
delhi/bindya-shiven	01.jpg	1eCwF74bQGHylnnomcZgniU0wpyxaOcm6
delhi/bindya-shiven	cover.jpg	1GRjyfHtjaXjlYKa2gjtI0skmvqblT40t
delhi/tanvi-uday	16.jpg	1kx9h_jrt3v_szQsDCvwv9qy8EW4lPmyY
delhi/tanvi-uday	15.jpg	1mstTmn3b_-i9U87W7BaVRUnWbwLZ-g0Q
delhi/tanvi-uday	14.jpg	1HH17p52Ixe1W1EwMliXm9j1sBn8mlzl-
delhi/tanvi-uday	13.jpg	1-ZXeXkVCxrx4wzv94q0oGSD6tfaUzWNO
delhi/tanvi-uday	12.jpg	1OSDxQvb3mM_RXncEb0WjYa9-ffHfQ_MI
delhi/tanvi-uday	10.jpg	1PdaZDxv0tINzh3t6ud31OooDUPwc5IuE
delhi/tanvi-uday	11.jpg	1fe9x3sfGKfzyb9FN6P7PUsWXFKxoCRiT
delhi/tanvi-uday	09.jpg	1yZuiupD0BKlPGm7qREVNoUZi0VHKCarL
delhi/tanvi-uday	08.jpg	1lM1cLcipncbtISmHzx_1dJVfNXXatrDk
delhi/tanvi-uday	07.jpg	1V1Z1AG0leE2eLh2iDUYwBkZHH3G6b99T
delhi/tanvi-uday	06.jpg	1x1tfpxcTIzAHm1UjkeMCXENCZbwAaiV7
delhi/tanvi-uday	05.jpg	1_sdWl0NO-dOq-maVMv8EEcy4Uqgeob6e
delhi/tanvi-uday	04.jpg	1HXREzqWnnN28ZVTbw5v83RKo7wDVyPfx
delhi/tanvi-uday	03.jpg	14OePXB2QGmqfdMn875Meo_FTd4LcIOyO
delhi/tanvi-uday	02.jpg	1VGFP71lJACKe_ZF0H89-zs6-0jUIkfgT
delhi/tanvi-uday	01.jpg	1v8akgZgn9-dRGF7VCKWTEmAYRFbtZcd7
delhi/tanvi-uday	cover.jpg	1NP6P2-P05GAq57dTIy8gQho3gc_RuCY4
jaipur/meher-aman	21.jpg	1uwswv0_INvBaSDA4XXOU9xxky2UPGhTb
jaipur/meher-aman	20.jpg	1v6l_ZFc_0PCAeOv6IfMOekYJti7l6H0p
jaipur/meher-aman	19.jpg	1LbrUWULsaY0BqklS9UXfJwGpDEPuHzQZ
jaipur/meher-aman	18.jpg	1Nk7P5izz5lGDr7e9KvbYJAKwkAMzskPm
jaipur/meher-aman	17.jpg	1DlHaTtncThSBJVY-pitYVExaNh-Oxira
jaipur/meher-aman	16.jpg	1WBr4MZz9qCIhzYhr6rvzPeBV6saYkZVT
jaipur/meher-aman	15.jpg	1fZQit-p5ULgpbJd4feHPl7WWNAoYmotm
jaipur/meher-aman	14.jpg	1G989lREGRlA3GLSM6mzsIYMzM472l9Bs
jaipur/meher-aman	13.jpg	1FAp0_f7GNcHnyG_YV7ge4dwS6OnxxIOm
jaipur/meher-aman	12.jpg	1Pvr93lO7765DTQ0PFldo3-y6qqEfHI9F
jaipur/meher-aman	11.jpg	1ZL-_brWvRtVZtziXMDD2gSl3vUm25bCJ
jaipur/meher-aman	10.jpg	1nfDedsczjTFZowfcsKzQUK2ZAxyMzqfZ
jaipur/meher-aman	09.jpg	1GekFAbjh8ojuVxIl7EFW1lJZl7ILXprS
jaipur/meher-aman	08.jpg	1tiqfrkc82qW0-gsbhU5IdqtE88d3Bgxe
jaipur/meher-aman	07.jpg	1NX2pCP-Ruu2-yCcyYgeJy-7fvzN9Y9Pr
jaipur/meher-aman	06.jpg	1VvD5WWFRL3cTNghupxI1kRPlq_eYsOhX
jaipur/meher-aman	05.jpg	1GevYJ3XOe7lkR7DfoSuo7S-05yz0DMMD
jaipur/meher-aman	04.jpg	16Y5ypmy0rFIrBSQEgC2clD299GR5ZgMc
jaipur/meher-aman	03.jpg	14DH0N0lZWQKSNG0LIHPcgYFlCiJsk2ad
jaipur/meher-aman	02.jpg	1LmIZ0sBfghDRxWrBSKPwFmjCDJOmcSz6
jaipur/meher-aman	01.jpg	1HbWY12N1D6uX0OkDoSr9O7sEQI52_4y5
jaipur/meher-aman	cover.jpg	1EhR9hpBDwhSau505FAaKBSG5qY-gKY7I
jaipur/manat-samrath	21.jpg	1H49BxyVn7prQCd64nMVDgBlQadxc82et
jaipur/manat-samrath	20.jpg	1GvrsRLc_O2kdIQ7FUtC765TlHZIpze_c
jaipur/manat-samrath	19.jpg	1UVdMGVRwsHrlji-oe7_JJxA5afqd8Ayf
jaipur/manat-samrath	18.jpg	1ugIG4E2sH50Vz4WIoJ8knDoBbG9MFERl
jaipur/manat-samrath	17.jpg	13w2gPNChB-iv3p_jz5EnB1FNJfJxZkdI
jaipur/manat-samrath	16.jpg	1bKl5IRnLc5BaF74u6yTC-mkHUvjVVg4h
jaipur/manat-samrath	15.jpg	1cnA8JN_7mvkJFtLdUn14sVp8qsrVfSUp
jaipur/manat-samrath	14.jpg	17BQaXp3qyRsCvfHueFHUg11cdy6dV4Ah
jaipur/manat-samrath	13.jpg	1m89-A2i5xljCx9MWrfZl16TIRm7Cnayu
jaipur/manat-samrath	12.jpg	1JGtbvz3-hEcU-QjxLT7TjqVBtuhi1cYW
jaipur/manat-samrath	11.jpg	1U8BNBAEYLPreeEdwCVq_jNYcbCScLqkj
jaipur/manat-samrath	10.jpg	1w2nOoC_DygzPHlkMW3sXbgEKjdMgDyol
jaipur/manat-samrath	09.jpg	1cZ5FZIOVBzRPO71NQeIZ-dlGdF2vfR8y
jaipur/manat-samrath	08.jpg	16IJly_2nIslsP6CK8QmwsG2d1ObdnCHF
jaipur/manat-samrath	07.jpg	1p_M6kQZRGwwoj5Szo362nfxNMdcOYnl9
jaipur/manat-samrath	06.jpg	1YHf7yTtFB-pNh4-3KUYMCwaVNNYjgGiR
jaipur/manat-samrath	05.jpg	1zpJzX1vLXfSf5lss19qxo4-_k6oAUQ-e
jaipur/manat-samrath	04.jpg	11-ST5-V-pzEAIO7M7NSNVCk-Hwqi4O4Y
jaipur/manat-samrath	03.jpg	135CYn_QbBiKfHQfJr0cAd5aUn-j9LRHS
jaipur/manat-samrath	02.jpg	1VlF8MmWkm7uKegT5M4CuUMwIKaxoxyV-
jaipur/manat-samrath	01.jpg	1pfa0wtzlYeH5aYYKjLS2PvhfqmBI7h-r
jaipur/manat-samrath	cover.jpg	1KQNJAvW1gHnMXLpvbuM3L7oBi79uKOny
udaipur/sehaj-harsimar	26.jpg	1QmO83mzABHK3v7_yhi1V4P994RImXYrB
udaipur/sehaj-harsimar	cover.jpg	1f6RioVxkPj2_i0dFsvzfc_q5-8y9Wafz
udaipur/sehaj-harsimar	25.jpg	1d7bUR6P_BaPExISndvBBjUEwWjbcOqH2
udaipur/sehaj-harsimar	24.jpg	1zJ19tH3Ol6zW1eTDkPMK6eWxaaU2mQVn
udaipur/sehaj-harsimar	23.jpg	1yqbLRlFXHoNqr8I-hudIEru-ykptd61Y
udaipur/sehaj-harsimar	22.jpg	11LK2vqhSpWPWE4U0sslWwtnDhbs_462p
udaipur/sehaj-harsimar	21.jpg	1hRTJelnmHBmJYrFD7XadlAExrFwEuv_a
udaipur/sehaj-harsimar	20.jpg	1fOjy9l08L6j4r79L6WYft5CX-vODEMdw
udaipur/sehaj-harsimar	19.jpg	1FJFIcfUT9Mvcq4am27CAlEyqxFigul03
udaipur/sehaj-harsimar	18.jpg	1EbriO9FaArElbOOUXwdAG5ZwuA84C8RB
udaipur/sehaj-harsimar	17.jpg	1-PvGof-skHcKiLfJIFBw7rSAHo_3L8Ej
udaipur/sehaj-harsimar	16.jpg	1CqI7jjpQdqiL8GTrAtRbJKwq6uKBu31O
udaipur/sehaj-harsimar	15.jpg	1VvDnPeSt9I5sOScpDbo_7C4e46ZIs4gH
udaipur/sehaj-harsimar	14.jpg	1XZV2F8YYNoNUYnFPxSl6RxoeZMhtbZYr
udaipur/sehaj-harsimar	13.jpg	11ODc3TWoSHu7GJXmw6P_jQARA3uCoVFW
udaipur/sehaj-harsimar	12.jpg	1Q-nI6WcOoP2NtIsVFyJjwHksmE5dgwxI
udaipur/sehaj-harsimar	10.jpg	1bDCWANvzQEjJcDODPfUgXEZR1_5fTqrq
udaipur/sehaj-harsimar	11.jpg	1DYFiqC_fj3nuRs9MvDohRGq6Qu0XgHwZ
udaipur/sehaj-harsimar	09.jpg	1mHsrGpYb_SX3N3F68897TrJvcN-aJq7I
udaipur/sehaj-harsimar	08.jpg	1Dftr5v0K_-wpmISYU6ixiVvdxqZkDGrd
udaipur/sehaj-harsimar	07.jpg	18HTeMSYcJkGV6_F9Gm6QQNdfvVds4RUv
udaipur/sehaj-harsimar	06.jpg	1cewxTnx3ueNPCEorhpCbdQP7FVndYJnB
udaipur/sehaj-harsimar	05.jpg	1L3M6XL_D3hWfHSRxnNnkFp9MRHcPMKNa
udaipur/sehaj-harsimar	04.jpg	1Muge_oqOP2RkX6jitFE1EmKKm59_GOzW
udaipur/sehaj-harsimar	03.jpg	199yktFZpCBlCBulaQWPQpQukjNNI2IN7
udaipur/sehaj-harsimar	02.jpg	1TGhI5k97SbqhuBZQ_-i3bGL_TUbdRepm
udaipur/sehaj-harsimar	01.jpg	1mAFHRRyPYXQvaJLjG7DDK3BYlBnzNRQf
udaipur/jigyasa-samar	20.jpg	15ZPVfe37Y87Q3KVjW7_3zf28U2Ce36vh
udaipur/jigyasa-samar	19.jpg	1CiwnRpGLzBg9f1HubS0p7QioqSvG7cLb
udaipur/jigyasa-samar	18.jpg	1Cmj409rL1hGv7uEVVsiQNSXCVpX1gEpK
udaipur/jigyasa-samar	17.jpg	1RybrCdSgZJhy7ZZtIXWCRa9M9LDQyz4t
udaipur/jigyasa-samar	16.jpg	1UQwY5B3kGmo8Adcy9-vKxebLCZ5nQ5NR
udaipur/jigyasa-samar	15.jpg	1entjs1VxMb4uC3Ckw2MgH8qOs6AvJFNF
udaipur/jigyasa-samar	14.jpg	1jW2pC0ITbqYttkNcJMMkOTQjGqkmtv8a
udaipur/jigyasa-samar	13.jpg	1CSyRjkP6zryP2g1uiMRf1b5cAuwKFo_g
udaipur/jigyasa-samar	12.jpg	1N_P28JurdsyuhMyplSN-OetbdLhkHVDT
udaipur/jigyasa-samar	11.jpg	1j4xXkYKKT7wIZmi_FT9dbwvPbu4SLRY8
udaipur/jigyasa-samar	10.jpg	188tGOQdH9znfBmspABkK7yjBvqN0Avj6
udaipur/jigyasa-samar	09.jpg	1vkHe9qWeAyhq7rZ0xvvCwT351j16umbm
udaipur/jigyasa-samar	08.jpg	1b1cqrbile1wLiHLwzw86soVHqYsyMOqC
udaipur/jigyasa-samar	07.jpg	17BW_pHF4m_tvpj9zpJ1CZ4KA4H6Z5nsL
udaipur/jigyasa-samar	06.jpg	1S4X7YwN36a7qrxpYlWk2IYZd8xNJGY6d
udaipur/jigyasa-samar	05.jpg	1SPQys7pH5pgvFDLgGcewvnyUixzhCZQU
udaipur/jigyasa-samar	04.jpg	1dXBnhlqfB_NaKKeJG_CuB7Evy2AgAnRL
udaipur/jigyasa-samar	03.jpg	1BJn8WT3UbPKVSdTXZsljR40w3d-6vK-9
udaipur/jigyasa-samar	02.jpg	1JiDPw4IadeYHzKQLWgjULQK6Yn_xWYGg
udaipur/jigyasa-samar	01.jpg	17T5V5JUDEQiOWXbJ7KKmbnIesNgbiO4B
udaipur/jigyasa-samar	cover.jpg	1ewhs0QQv8PWnqhHKJD1m2C2kWUDwJb5K
goa/juhi-jatin	10.jpg	1GyiN4sVRwMxWIUkBLxPMvMBFI7GeijDk
goa/juhi-jatin	09.jpg	1mIVKlj6BXltE0yAwDkgcFW_84daDyKwu
goa/juhi-jatin	08.jpg	1zZkWEmyl_4t7EYsibaYt8_PhQ4FAw8zb
goa/juhi-jatin	07.jpg	17hB-n1GuxVN1oxc0jyfdC8VsDkjE0WEB
goa/juhi-jatin	06.jpg	1laLm5YtWfqtU0Yx29TwDcRyzv8liBhPB
goa/juhi-jatin	05.jpg	1J9PA_vI1Bg3hIJmU3mu63eDZZzOxHfxr
goa/juhi-jatin	04.jpg	14COeQnW7tt8-89wPBs0LXvZC02dV_Nx_
goa/juhi-jatin	03.jpg	1fyo0DPZIW6vmESLuVHW4nZPYeAsuCHUT
goa/juhi-jatin	01.jpg	1tANM3PdTUnbwO0aq-L77l_GGCKwCZY__
goa/juhi-jatin	02.jpg	1XkOkrhEl4iOls6d2dWmBE9ND8jun87iC
goa/juhi-jatin	cover.jpg	1ryOtyoO7wFY5T0risCYPqHGL1F6tnh7q
bangalore/icwf	05.png	1yZIZXp6c3WMJPAkMGYg9yeP-rDl9Cley
bangalore/icwf	04.png	1DA9-yO682xOnNLzvZ3FfuVReMcmJU5DC
bangalore/icwf	02.jpg	1pqaekrIJO2JB6o0tYRqCZYMtRmmhGnRz
bangalore/icwf	03.png	1TxIGFRHAoAXDjWsuY9YvsmEQFNLbwIFM
bangalore/icwf	01.jpg	1l0_1BP0sFCiAMEZFwA9X-v4y4SxKGWmr
indore/juhi-jatin	20.jpg	1OGNr8kat9htHytXtuU-FXRC-7rg4LKnk
indore/juhi-jatin	19.jpg	1Mq5NpvEgu3NQV7yud2EUrTrDQWGwTSbB
indore/juhi-jatin	18.jpg	1orJNt0ka1pjojUVCGh-7mdTCGuQj_dsI
indore/juhi-jatin	17.jpg	12sowMy5UFgOBLmtGBkTJ8VoJR9wkhGzA
indore/juhi-jatin	16.jpg	1_f7BaYk8_0yEcAHnwZCGFH3y9nxmduWV
indore/juhi-jatin	15.jpg	1CIzV5lbCsXDBnotk8hOP-oE5ko0XfsD9
indore/juhi-jatin	14.jpg	1oIYq2MpJ6Z6HXbgx2iMxYj5AO9s-OEpz
indore/juhi-jatin	13.jpg	1yu9B4Un-Ln9bUfvuNx0aiy8T3o01Wn2L
indore/juhi-jatin	12.jpg	1QayyupfPvqiwBnqoV0SFHXsKyCMz9wum
indore/juhi-jatin	11.jpg	1l2P3zC6nujQollTVUwqdoJ95uxLNMC_g
indore/juhi-jatin	10.jpg	1OXIOePFnlKbvAEhbHEShqaRLhZwldqkX
indore/juhi-jatin	cover.jpg	1NMXsMlgXLApLDyMVEKvfilgbDktxissb
indore/juhi-jatin	09.jpg	1-UREMW0rMkAtgbAphJXJaQ7qU_AASnvt
indore/juhi-jatin	08.jpg	1xzmPGlDertIdWvE70buYBvx0bqgcLeP4
indore/juhi-jatin	07.jpg	1ZJTxw1mDy6sDk3w7LooYZfl2aOdGhYkO
indore/juhi-jatin	06.jpg	1ArWcQgOFxV9jz9FDRyvHcnKQ9gHaXfDf
indore/juhi-jatin	05.jpg	1-Gl6NZDl3PKnlyY-ohWrf9VZgeqFa8pn
indore/juhi-jatin	04.jpg	1yncnT-ADVRj-zn1qZdmNJfTRcdq8QZFQ
indore/juhi-jatin	03.jpg	18psRsQlDq3OlRk0qp6O12mf4lSxNL2OT
indore/juhi-jatin	02.jpg	1gDqWD6GiKXMwFqXYuf8sNmarfKaEOgWF
indore/juhi-jatin	01.jpg	1rJd3lkwR7OFoYErcrAX2JczVQrGuZxd-
thailand/ritika-manav	06.jpg	1qHcwOKEfIvTT_ZpnRKcKB1zxtx_kdI71
thailand/ritika-manav	09.jpg	1C_qgQfVPBRnPHpkD29QvJH4cYzCI34nr
thailand/ritika-manav	07.jpg	1Jwmwf4buiK9f26xd-72fW6FkWLFzzydt
thailand/ritika-manav	08.jpg	1d08ThJHZ9HJE5WiVUqj6kFI-CP9XV7kZ
thailand/ritika-manav	02.jpg	1m0Dpda5QC1ug-FrtLFNhrvycugPoQbxo
thailand/ritika-manav	05.jpg	1h9gffCNmkFbLGE_3Rge-lg94b8hsdwRD
thailand/ritika-manav	03.jpg	1u3Of8lsuJ4fFO8eF0AB67YVfs5JQLsUH
thailand/ritika-manav	04.jpg	1KKALHuRKGQlsXR81-gFxMJ6V_0nwKkdL
thailand/ritika-manav	01.jpg	1WCwr9JD_vxhZk7lMMMAfa_vUQCcOg8PS
istanbul/icwf	05.jpg	1tIaqMcHD0tRBqazqlS9AHd-i-RKKukGH
istanbul/icwf	01.jpg	1K86LsaMahJF6G9noabYRO_fTMMrI3PYJ
istanbul/icwf	03.jpg	1lYW50jEJEGpBfaR0jA5Q0pYkl2kkpVzx
istanbul/icwf	04.jpg	17uvjUTKIAJT0uR-ZGlpKtmTJnev08KNa
istanbul/icwf	02.jpg	13U0cN7jRCh4DyXeTw7oVACF523njvOrs
